row;kind;status;basis;contractor;purchase_no;order_no;name;amount
1;goods;yes;;"АО ""МАРКА""";5;1;Изготовление открыток;100000.00
2;goods;yes;;БАГАУТДИНОВ АХМЕТ АЙРАТОВИЧ;95;1;КОМПЕНСАЦИЯ ЗА ПРИОБРЕТЕНИЕ КАНЦЕЛЯРСКИХ ТОВАРОВ;2835.00
3;goods;yes;;ГОЛИЧКОВ АЛЕКСАНДР ВЛАДИМИРОВИЧ;86;1;Приобретение деталей системы охлаждения автомобиля Камаз К618НТ197;2400.00
4;goods;yes;;ИНДИВИДУАЛЬНЫЙ ПРЕДПРИНИМАТЕЛЬ СОБОЛЕВ ДМИТРИЙ АЛЕКСЕЕВИЧ;20;1;БАГАЖНИК ЭКСПЕДИЦ. НА СЛУЖЕБН АВТОМОБИЛЬ;169000.00
5;goods;yes;;ИНДИВИДУАЛЬНЫЙ ПРЕДПРИНИМАТЕЛЬ СОБОЛЕВ ДМИТРИЙ АЛЕКСЕЕВИЧ;120;232;Приобретение экспидиционного багажника;180000.00
6;goods;yes;;ЛЮБАРЕЦ ЕВГЕНИЯ ДМИТРИЕВНА;43;1;Пикап-Ролик для принтера;3902.00
7;goods;yes;;ЛЮБАРЕЦ ЕВГЕНИЯ ДМИТРИЕВНА;44;1;Приобретение аккумулятора;10437.00
8;goods;yes;;ЛЮБАРЕЦ ЕВГЕНИЯ ДМИТРИЕВНА;92;1;ДОмсотровое устройстов;15200.00
9;goods;yes;;ЛЮБАРЕЦ ЕВГЕНИЯ ДМИТРИЕВНА;93;1;Запчасти для бензоинструмента;3485.00
10;goods;yes;;МАРГАРЯН МАРИНА АРТАКОВНА;96;1;Услуги связи;4534.70
11;goods;yes;;"ОБЩЕСТВО С ОГРАНИЧЕННОЙ ОТВЕТСТВЕННОСТЬЮ ""ДИАМАНТ-Д""";25;1;ПРИОБРЕТ ШИНЫ YOKOHAMA ДЛЯ СЛУЖЕБНОГО ТС;97500.00
12;goods;yes;;"ОБЩЕСТВО С ОГРАНИЧЕННОЙ ОТВЕТСТВЕННОСТЬЮ ""ДИАМАНТ-Д""";99;1;ПРИОБРЕТЕНИЕ АВТОШИНА, ДОМКРАТ, ПУСКО-ЗАРЯД УСТРОЙСТВО;112500.00
13;goods;yes;;"ОБЩЕСТВО С ОГРАНИЧЕННОЙ ОТВЕТСТВЕННОСТЬЮ ""ПРИНТМОЛ""";9;1;ПРИОБРЕТЕНИЕ КАРТРИДЖЕЙ;60480.00
14;goods;yes;;"ОБЩЕСТВО С ОГРАНИЧЕННОЙ ОТВЕТСТВЕННОСТЬЮ ""ПРИНТМОЛ""";9;2;ПРИОБРЕТЕНИЕ КАРТРИДЖЕЙ;14105.00
15;goods;yes;;"ОБЩЕСТВО С ОГРАНИЧЕННОЙ ОТВЕТСТВЕННОСТЬЮ ""УНИВЕРСИС""";100;2;Треккера Arnavi 3;8000.00
16;goods;yes;;"ОБЩЕСТВО С ОГРАНИЧЕННОЙ ОТВЕТСТВЕННОСТЬЮ ""ЦЕНТРАВТО""";3;5;Ремонт автомобиля Delica D5 М390КВ977 (2074 28 Комплект расходных материалов);392.50
17;goods;yes;;"ОБЩЕСТВО С ОГРАНИЧЕННОЙ ОТВЕТСТВЕННОСТЬЮ ""ЦЕНТРАВТО""";3;5;Ремонт автомобиля Delica D5 М390КВ977 (Аккумулятор OURSUN JIS MF 105D31L);28260.00
18;goods;yes;;"ООО ""ОФИСМАГ""";13;1;ПРИОБРЕТЕНИЕ КАНЦЕЛЯРСКИХ ТОВАРОВ (ГОФРОКОРОБ;28419.90
19;goods;yes;;"ООО ""ОФИСМАГ""";13;2;ПРИОБРЕТЕНИЕ ХОЗЯЙСТВЕННЫХ ТОВАРОВ;19368.12
20;goods;yes;;"ООО ""ОФИСМАГ""";13;3;ПРИОБРЕТЕНИЕ КАНЦЕЛЯРСКИХ ТОВАРОВ;7164.69
21;goods;yes;;"ООО ""ОФИСМАГ""";13;4;ПРИОБРЕТ КАНЦ ТОВАРОВ, ПИТЬЕВОЙ ВОДЫ ДЛЯ МЕРОПР;8624.42
22;goods;yes;;"ООО ""ОФИСМАГ""";13;8;ПРИОБРЕТЕНИЕ ХОЗЯЙСТВЕННЫХ ТОВАРОВ;16951.94
23;goods;yes;;"ООО ""ОФИСМАГ""";13;9;ПРИОБРЕТЕНИЕ ХОЗЯЙСТВЕННЫХ ТОВАРОВ;63688.81
24;goods;yes;;"ООО ""ОФИСМАГ""";13;11;ПРИОБРЕТЕНИЕ ХОЗЯЙСТВЕННЫХ ТОВАРОВ;45842.16
25;goods;yes;;"ООО ""ОФИСМАГ""";13;10;ПРИОБРЕТЕНИЕ ХОЗЯЙСТВЕННЫХ ТОВАРОВ;21290.32
26;goods;yes;;"ООО ""ОФИСМАГ""";13;5;ПРИОБРЕТЕНИЕ КАНЦЕЛЯРСКИХ ТОВАРОВ, АПТЕЧКА;19800.80
27;goods;yes;;"ООО ""ОФИСМАГ""";13;6;БАКАЛЕЯ;39529.37
28;goods;yes;;"ООО ""ОФИСМАГ""";13;7;ПРИОБРЕТЕНИЕ КАНЦЕЛЯРСКИХ ТОВАРОВ;30525.28
29;goods;yes;;"ООО ""ТОРГОВЫЙ ДОМ ТЕКСТИЛЬ М""";7;1;Бейсболка безразмерная (р. 55-62);95000.00
30;goods;yes;;"ООО ""ТОРГОВЫЙ ДОМ ТЕКСТИЛЬ М""";7;1;Костюм повседневный (комплект брюки и куртка);1240000.00
31;goods;yes;;"ООО ""ТОРГОВЫЙ ДОМ ТЕКСТИЛЬ М""";7;1;Шапка полушерстянная черная;95000.00
32;goods;yes;;"ООО ""ТОРГОВЫЙ ДОМ ТЕКСТИЛЬ М""";81;2;Костюм повседневный (комплект брюки и куртка);72840.00
33;goods;yes;;СОЛОДИЛОВА ЕКАТЕРИНА ГЕННАДЬЕВНА;22;1;КОМПЕНСАЦ ЗА ПРИОБРЕТЕНИЕ БРЕНДИР ПРОДУКЦИИ, ЦВЕТОВ ДЛЯ МЕРОПР;97910.00
34;goods;yes;;СОЛОДИЛОВА ЕКАТЕРИНА ГЕННАДЬЕВНА;37;1;Крепёж медалей и букеты;1680.00
35;goods;yes;;ЦЫГАНОВ ИГОРЬ АЛЕКСАНДРОВИЧ;33;1;"Плакетка МДФ Венге 20х25см, металлическая пластина ""золото матовое"" 15х20см";62580.00
36;goods;reserve;;;50;1;Прочие мат.затраты;100000.00
37;goods;reserve;;;51;1;Прочие мат.затраты;100000.00
38;goods;reserve;;;56;1;Прочие мат.затраты;100000.00
39;goods;reserve;;;57;1;Прочие мат.затраты;169355.79
40;goods;likely;;;123;230;ПРИОБРЕТЕНИЕ ЗИМНИХ ШИНЫ YOKOHAMA ДЛЯ СЛУЖЕБНОГО ТС;100000.00
41;services;yes;;"АВТОНОМНАЯ НЕКОММЕРЧЕСКАЯ ОРГАНИЗАЦИЯ ДОПОЛНИТЕЛЬНОГО ПРОФЕССИОНАЛЬНОГО ОБРАЗОВАНИЯ ""ПРИКАМСКИЙ ИНСТИТУТ БЕЗОПАСНОСТИ""";79;1;ОБУЧ ПО ПРОГРАМ ПЕРЕПОДГОТ;20400.00
42;services;yes;;"АО ""СК ""АСТРО-ВОЛГА""";17;1;СТРАХОВАЯ ПРЕМИЯ ЗА А/М КАМАЗ;34512.08
43;services;yes;;АО АЛЬФАСТРАХОВАНИЕ;38;1;ОСАГО автомобиль IVECO;24318.00
44;services;yes;;БОЧАРОВ ВАСИЛИЙ ВАСИЛЬЕВИЧ;31;1;УСЛУГИ ВОКАЛЬН ИСПОЛНИТ, ЗВУКОВОЕ И МУЗЫК ОФОРМЛЕНИЕ МЕРОПРИЯТИЯ;90000.00
45;services;yes;;ГОЛИЧКОВ АЛЕКСАНДР ВЛАДИМИРОВИЧ;15;1;ТЕХНИЧЕСКОЕ ОБСЛУЖИВАНИЕ И РЕМОНТ АВТОМОБИЛЯ;87649.46
46;services;yes;;ГОЛИЧКОВ АЛЕКСАНДР ВЛАДИМИРОВИЧ;42;1;ТО автомобиля;4000.00
47;services;yes;;ГОЛИЧКОВ АЛЕКСАНДР ВЛАДИМИРОВИЧ;94;1;Диагностика, выдача ДК ТС;7000.00
48;services;yes;;ДРЕЛИХ ИВАН ВИКТОРОВИЧ;108;1;Приобретение материалов для организации слёта;12559.00
49;services;yes;;ЕГОРОВА ЛЮДМИЛА ВЛАДИМИРОВНА;6;1,2;КОМПЛЕКСНАЯ УБОРКА ПОМЕЩ;45900.00
50;services;yes;;ЕГОРОВА ЛЮДМИЛА ВЛАДИМИРОВНА;6;3;КОМПЛЕКСНАЯ УБОРКА ПОМЕЩ;25650.00
51;services;yes;;ЕГОРОВА ЛЮДМИЛА ВЛАДИМИРОВНА;6;4;КОМПЛЕКСНАЯ УБОРКА ПОМЕЩ;25650.00
52;services;yes;;ЕГОРОВА ЛЮДМИЛА ВЛАДИМИРОВНА;6;5;КОМПЛЕКСНАЯ УБОРКА ПОМЕЩ;25650.00
53;services;yes;;ЕГОРОВА ЛЮДМИЛА ВЛАДИМИРОВНА;6;6;Нет данных;25650.00
54;services;yes;;ЕГОРОВА ЛЮДМИЛА ВЛАДИМИРОВНА;6;7;КОМПЛЕКСНАЯ УБОРКА ПОМЕЩ;25650.00
55;services;yes;;ЕГОРОВА ЛЮДМИЛА ВЛАДИМИРОВНА;6;8;КОМПЛЕКСНАЯ УБОРКА ПОМЕЩ;25650.00
56;services;yes;;ЕГОРОВА ЛЮДМИЛА ВЛАДИМИРОВНА;98;1;КОМПЛЕКСНАЯ УБОРКА ПОМЕЩ;30000.00
57;services;yes;;ИНДИВИДУАЛЬНЫЙ ПРЕДПРИНИМАТЕЛЬ ГОЛЬДА МИХАИЛ АЛЕКСАНДРОВИЧ;18;1;УСЛУГИ ПО ОРГАНИЗАЦИИ И ПРЕДОСТАВЛЕНИЮ ПИТАНИЯ;230559.00
58;services;yes;;ИНДИВИДУАЛЬНЫЙ ПРЕДПРИНИМАТЕЛЬ ГРОСС ПАВЕЛ ЮРЬЕВИЧ;12;1;УСЛУГИ ПО БРЕНДИРОВАНИЮ СЛУЖЕБНОГО АВТОМОБИЛЯ;42500.00
59;services;yes;;ИНДИВИДУАЛЬНЫЙ ПРЕДПРИНИМАТЕЛЬ КЮНГ ФЕДОР ЮРЬЕВИЧ;84;1;Оканзание услуг по перевеозке;180000.00
60;services;yes;;ИНДИВИДУАЛЬНЫЙ ПРЕДПРИНИМАТЕЛЬ МЕЛЬНИЧУК ВЯЧЕСЛАВ ГЕОРГИЕВИЧ;71;1;Изготовление футболок;341565.00
61;services;yes;;ИНДИВИДУАЛЬНЫЙ ПРЕДПРИНИМАТЕЛЬ МЕЛЬНИЧУК ВЯЧЕСЛАВ ГЕОРГИЕВИЧ;87;1;Изготовление футболок и свитшотов брендрованных;33262.00
62;services;yes;;ИНДИВИДУАЛЬНЫЙ ПРЕДПРИНИМАТЕЛЬ НАРБУТОВСКАЯ ВИКТОРИЯ ЮРЬЕВНА;27;1;ФОТОСЪЕМКА МЕРОПРИЯТИЯ;32000.00
63;services;yes;;ИНДИВИДУАЛЬНЫЙ ПРЕДПРИНИМАТЕЛЬ ОРЕХОВА ЕЛЕНА НИКОЛАЕВНА;24;1;ИЗГОТОВЛЕНИЕ, МОНТАЖ, ДЕМОНТАЖ ФОТОЗОНЫ;120000.00
64;services;yes;;ИНДИВИДУАЛЬНЫЙ ПРЕДПРИНИМАТЕЛЬ ОРЕХОВА ЕЛЕНА НИКОЛАЕВНА;40;1;"Изготовления медали ""25 лет ВСКС""";327600.00
65;services;yes;;ИНДИВИДУАЛЬНЫЙ ПРЕДПРИНИМАТЕЛЬ СОБОЛЕВ ДМИТРИЙ АЛЕКСЕЕВИЧ;103;1;Застройка площадок на слёте;300000.00
66;services;yes;;ИНДИВИДУАЛЬНЫЙ ПРЕДПРИНИМАТЕЛЬ ШАБУНИН СЕРГЕЙ АЛЕКСЕЕВИЧ;28;1;ФОТОСЪЕМКА МЕРОПРИЯТИЯ;28000.00
67;services;yes;;КОЗЕЕВ ЕВГЕНИЙ ВИКТОРОВИЧ;89;1;ПРИОБРЕТЕНИЕ ГСМ;30226.00
68;services;yes;;КРЕМЕНЕЦКАЯ ГАЛИНА СЕРГЕЕВНА;11;1;Услуги связи;1776.10
69;services;yes;;КРЕМЕНЕЦКАЯ ГАЛИНА СЕРГЕЕВНА;19;1;Услуги связи;937.90
70;services;yes;;ЛЮБАРЕЦ ЕВГЕНИЯ ДМИТРИЕВНА;36;1;Логистические услуги;7220.00
71;services;yes;;ЛЮБАРЕЦ ЕВГЕНИЯ ДМИТРИЕВНА;90;1;Доставка сборка заказа;250.00
72;services;yes;;ЛЮБАРЕЦ ЕВГЕНИЯ ДМИТРИЕВНА;91;1;Услуга по установке трекера;3200.00
73;services;yes;;ЛЯГИН АНДРЕЙ АНАТОЛЬЕВИЧ;29;1;КОМПЕН ЗА УСЛУГИ ПО ИЗГОТ КРЕПЕЖНЫХ ЭЛЕМЕНТОВ ДЛЯ ФЛАГШТОКОВ;17000.00
74;services;yes;;ЛЯГИН АНДРЕЙ АНАТОЛЬЕВИЧ;118;1;Нет данных;5034.00
75;services;yes;;НИКИТИН НИКОЛАЙ РУСЛАНОВИЧ;10;1;ПРОДЛЕНИЕ АРЕНДЫ СЕРВЕРОВ, РЕГИСТР ДОМЕННЫХ ИМЕН;7038.00
76;services;yes;;"ОБЩЕСТВО С ОГРАНИЧЕННОЙ ОТВЕТСТВЕННОСТЬЮ ""НАУЧНО- ПРОИЗВОДСТВЕННОЕ ПРЕДПРИЯТИЕ ""ГАРАНТ- СЕРВИС-УНИВЕРСИТЕТ""";78;1;Система ГАРАНТ предоставление;159000.00
77;services;yes;;"ОБЩЕСТВО С ОГРАНИЧЕННОЙ ОТВЕТСТВЕННОСТЬЮ ""РИТЕЙЛ- ГРУПП""";75;1;Углы установки колес (внедорожники, микроавтобуы)-регулировка;3390.00
78;services;yes;;"ОБЩЕСТВО С ОГРАНИЧЕННОЙ ОТВЕТСТВЕННОСТЬЮ ""РИТЕЙЛ- ГРУПП""";75;2;5W-40 FULL SYNTHETIC A3/B4 1л (синт. мотор. масло.);1919.00
79;services;yes;;"ОБЩЕСТВО С ОГРАНИЧЕННОЙ ОТВЕТСТВЕННОСТЬЮ ""РИТЕЙЛ- ГРУПП""";75;2;5W-40 FULL SYNTHETIC A3/B4 4л (синт. мотор. масло.);7528.00
80;services;yes;;"ОБЩЕСТВО С ОГРАНИЧЕННОЙ ОТВЕТСТВЕННОСТЬЮ ""РИТЕЙЛ- ГРУПП""";75;2;Диагностика ходовой части;975.00
81;services;yes;;"ОБЩЕСТВО С ОГРАНИЧЕННОЙ ОТВЕТСТВЕННОСТЬЮ ""РИТЕЙЛ- ГРУПП""";75;2;Масло и масляный фильтр - замена;1500.00
82;services;yes;;"ОБЩЕСТВО С ОГРАНИЧЕННОЙ ОТВЕТСТВЕННОСТЬЮ ""РИТЕЙЛ- ГРУПП""";75;2;Фильтр воздушный;638.00
83;services;yes;;"ОБЩЕСТВО С ОГРАНИЧЕННОЙ ОТВЕТСТВЕННОСТЬЮ ""РИТЕЙЛ- ГРУПП""";75;2;Фильтр масляный;834.00
84;services;yes;;"ОБЩЕСТВО С ОГРАНИЧЕННОЙ ОТВЕТСТВЕННОСТЬЮ ""РИТЕЙЛ- ГРУПП""";75;2;Фильтр салонный;462.00
85;services;yes;;"ОБЩЕСТВО С ОГРАНИЧЕННОЙ ОТВЕТСТВЕННОСТЬЮ ""РИТЕЙЛ- ГРУПП""";75;2;Фильтр салонный - снятие и установка;1050.00
86;services;yes;;"ОБЩЕСТВО С ОГРАНИЧЕННОЙ ОТВЕТСТВЕННОСТЬЮ ""РИТЕЙЛ- ГРУПП""";75;2;Элемент фильтрующий воздушного фильтра - снятие и установка;750.00
87;services;yes;;"ОБЩЕСТВО С ОГРАНИЧЕННОЙ ОТВЕТСТВЕННОСТЬЮ ""СДП+""";83;1;ИЗГОТОВЛЕНИЕ ПАКЕТОВ С БРЕНДИНГОМ;28914.00
88;services;yes;;"ОБЩЕСТВО С ОГРАНИЧЕННОЙ ОТВЕТСТВЕННОСТЬЮ ""УНИВЕРСИС""";100;1;Услуга по установке трекера;4000.00
89;services;yes;;"ОБЩЕСТВО С ОГРАНИЧЕННОЙ ОТВЕТСТВЕННОСТЬЮ ""ЦЕНТРАВТО""";3;2;ТЕХНИЧЕСКОЕ ОБСЛУЖИВАНИЕ И РЕМОНТ АВТОМОБИЛЯ;126419.30
90;services;yes;;"ОБЩЕСТВО С ОГРАНИЧЕННОЙ ОТВЕТСТВЕННОСТЬЮ ""ЦЕНТРАВТО""";3;3;ТЕХНИЧЕСКОЕ ОБСЛУЖИВАНИЕ И РЕМОНТ АВТОМОБИЛЯ;141103.20
91;services;yes;;"ОБЩЕСТВО С ОГРАНИЧЕННОЙ ОТВЕТСТВЕННОСТЬЮ ""ЦЕНТРАВТО""";3;4;Ремонт автомобиля Delica D5 D446DN977;37370.02
92;services;yes;;"ОБЩЕСТВО С ОГРАНИЧЕННОЙ ОТВЕТСТВЕННОСТЬЮ ""ЦЕНТРАВТО""";3;5;Ремонт автомобиля Delica D5 М390КВ977 (АКБ. Снять и установить);1187.50
93;services;yes;;"ОБЩЕСТВО С ОГРАНИЧЕННОЙ ОТВЕТСТВЕННОСТЬЮ ""ЦЕНТРАВТО""";3;1;Ремонт автомобиля;111607.32
94;services;yes;;"ОБЩЕСТВО С ОГРАНИЧЕННОЙ ОТВЕТСТВЕННОСТЬЮ ""ЦЕНТРАВТО""";3;5;2074 28 Комплект расходных материалов;767.50
95;services;yes;;"ОБЩЕСТВО С ОГРАНИЧЕННОЙ ОТВЕТСТВЕННОСТЬЮ ""ЦЕНТРАВТО""";3;5;211 19 смазка для суппортов;1180.00
96;services;yes;;"ОБЩЕСТВО С ОГРАНИЧЕННОЙ ОТВЕТСТВЕННОСТЬЮ ""ЦЕНТРАВТО""";3;5;Диагностика тормозной системы автомобиля.;3031.88
97;services;yes;;"ОБЩЕСТВО С ОГРАНИЧЕННОЙ ОТВЕТСТВЕННОСТЬЮ ""ЦЕНТРАВТО""";3;5;Диагностика ходовой части автомобиля.;3031.88
98;services;yes;;"ОБЩЕСТВО С ОГРАНИЧЕННОЙ ОТВЕТСТВЕННОСТЬЮ ""ЦЕНТРАВТО""";3;5;колодки тормозные задние;7806.25
99;services;yes;;"ОБЩЕСТВО С ОГРАНИЧЕННОЙ ОТВЕТСТВЕННОСТЬЮ ""ЦЕНТРАВТО""";3;5;Колодки тормозные. Задние с EPB. Снять и установить.;4812.50
100;services;yes;;"ОБЩЕСТВО С ОГРАНИЧЕННОЙ ОТВЕТСТВЕННОСТЬЮ ""ЦЕНТРАВТО""";3;5;Масло моторное LUBREX 5W-30 GTR (C3) VELOCITY NANO;16875.00
101;services;yes;;"ОБЩЕСТВО С ОГРАНИЧЕННОЙ ОТВЕТСТВЕННОСТЬЮ ""ЦЕНТРАВТО""";3;5;Обслуживание тормозных механизмов задней оси;3850.00
102;services;yes;;"ОБЩЕСТВО С ОГРАНИЧЕННОЙ ОТВЕТСТВЕННОСТЬЮ ""ЦЕНТРАВТО""";3;5;Обслуживание тормозных механизмов передней оси;3850.00
103;services;yes;;"ОБЩЕСТВО С ОГРАНИЧЕННОЙ ОТВЕТСТВЕННОСТЬЮ ""ЦЕНТРАВТО""";3;5;прокладка сливной пробки поддона;213.75
104;services;yes;;"ОБЩЕСТВО С ОГРАНИЧЕННОЙ ОТВЕТСТВЕННОСТЬЮ ""ЦЕНТРАВТО""";3;5;Слесарные работы.;8181.25
105;services;yes;;"ОБЩЕСТВО С ОГРАНИЧЕННОЙ ОТВЕТСТВЕННОСТЬЮ ""ЦЕНТРАВТО""";3;5;фильтр воздушный;2341.25
106;services;yes;;"ОБЩЕСТВО С ОГРАНИЧЕННОЙ ОТВЕТСТВЕННОСТЬЮ ""ЦЕНТРАВТО""";3;5;Фильтр воздушный. Замена;721.88
107;services;yes;;"ОБЩЕСТВО С ОГРАНИЧЕННОЙ ОТВЕТСТВЕННОСТЬЮ ""ЦЕНТРАВТО""";3;5;фильтр масляный;883.75
108;services;yes;;"ОБЩЕСТВО С ОГРАНИЧЕННОЙ ОТВЕТСТВЕННОСТЬЮ ""ЦЕНТРАВТО""";3;5;Фильтр масляный. Двигатель. Замена;962.50
109;services;yes;;"ОБЩЕСТВО С ОГРАНИЧЕННОЙ ОТВЕТСТВЕННОСТЬЮ ""ЦЕНТРАВТО""";3;5;ТЕХНИЧЕСКОЕ ОБСЛУЖИВАНИЕ И РЕМОНТ АВТОМОБИЛЯ;1010.63
110;services;yes;;"ООО ""ГЛАВ ГРУПП""";88;1;Изготовление шевронов для форменной одежды;390000.00
111;services;yes;;"ООО ""ГЛАВ ГРУПП""";115;1;Изготовление шевронов для форменной одежды (спина);150000.00
112;services;yes;;"ООО ""ЕВРОИНСТАЛЛ""";73;1;ПРИОБРЕТЕНИЕ РОУТЕР, ЖЕСТКИЙ ДИСК;38400.00
113;services;yes;;"ООО ""ИНПЛЕЙС ГРУПП""";70;237;Ремонтные работы Haval Dargo9 H880TR977;144525.00
114;services;yes;;"ООО ""ИНПЛЕЙС ГРУПП""";70;238;Плановое ТО автомобиля Donfeng;50175.00
115;services;yes;;"ООО ""КОРПОРАТИВНЫЙ АЛЬЯНС ""ТУРНЕ-ТРАНС""";21;1;БРОНИРОВАНИЕ ГОСТИНИЦ;48939.62
116;services;yes;;"ООО ""КОРПОРАТИВНЫЙ АЛЬЯНС ""ТУРНЕ-ТРАНС""";21;2;БРОНИРОВАНИЕ ГОСТИНИЦ;36724.00
117;services;yes;;"ООО ""КОРПОРАТИВНЫЙ АЛЬЯНС ""ТУРНЕ-ТРАНС""";21;3;БРОНИРОВАНИЕ ГОСТИНИЦ;66755.50
118;services;yes;;"ООО ""КОРПОРАТИВНЫЙ АЛЬЯНС ""ТУРНЕ-ТРАНС""";21;4;БРОНИРОВАНИЕ ГОСТИНИЦ;51790.00
119;services;yes;;"ООО ""КОРПОРАТИВНЫЙ АЛЬЯНС ""ТУРНЕ-ТРАНС""";21;5;БРОНИРОВАНИЕ ГОСТИНИЦ;13190.00
120;services;yes;;"ООО ""КОРПОРАТИВНЫЙ АЛЬЯНС ""ТУРНЕ-ТРАНС""";21;6;БРОНИРОВАНИЕ ГОСТИНИЦ;85113.84
121;services;yes;;"ООО ""КОРПОРАТИВНЫЙ АЛЬЯНС ""ТУРНЕ-ТРАНС""";21;7;БРОНИРОВАНИЕ ГОСТИНИЦ;51729.00
122;services;yes;;"ООО ""КОРПОРАТИВНЫЙ АЛЬЯНС ""ТУРНЕ-ТРАНС""";21;8;БРОНИРОВАНИЕ ГОСТИНИЦ;178521.38
123;services;yes;;"ООО ""КОРПОРАТИВНЫЙ АЛЬЯНС ""ТУРНЕ-ТРАНС""";21;10;ОФОРМЛЕНИЕ БИЛЕТОВ, СЕРВИСНЫЙ СБОР;8965.70
124;services;yes;;"ООО ""КОРПОРАТИВНЫЙ АЛЬЯНС ""ТУРНЕ-ТРАНС""";21;13;БРОНИРОВАНИЕ ГОСТИНИЦ;19492.00
125;services;yes;;"ООО ""КОРПОРАТИВНЫЙ АЛЬЯНС ""ТУРНЕ-ТРАНС""";21;14;ОФОРМЛЕНИЕ БИЛЕТОВ, СЕРВИСНЫЙ СБОР;62673.08
126;services;yes;;"ООО ""КОРПОРАТИВНЫЙ АЛЬЯНС ""ТУРНЕ-ТРАНС""";21;9;БРОНИРОВАНИЕ ГОСТИНИЦ;25010.00
127;services;yes;;"ООО ""КОРПОРАТИВНЫЙ АЛЬЯНС ""ТУРНЕ-ТРАНС""";11;11;БРОНИРОВАНИЕ ГОСТИНИЦ;10763.60
128;services;yes;;"ООО ""КОРПОРАТИВНЫЙ АЛЬЯНС ""ТУРНЕ-ТРАНС""";11;15;БРОНИРОВАНИЕ ГОСТИНИЦ;137298.00
129;services;yes;;"ООО ""КОРПОРАТИВНЫЙ АЛЬЯНС ""ТУРНЕ-ТРАНС""";12;12;БРОНИРОВАНИЕ ГОСТИНИЦ;93848.40
130;services;yes;;"ООО ""КОРПОРАТИВНЫЙ АЛЬЯНС ""ТУРНЕ-ТРАНС""";12;16;ОФОРМЛЕНИЕ БИЛЕТОВ, СЕРВИСНЫЙ СБОР;83668.24
131;services;yes;;"ООО ""КОРПОРАТИВНЫЙ АЛЬЯНС ""ТУРНЕ-ТРАНС""";12;17;БРОНИРОВАНИЕ ГОСТИНИЦ;16100.00
132;services;yes;;"ООО ""НИКА”";82;1;УКЛАДКА ИССКУС. ГАЗОНА ДЛЯ ПРОВЕД МЕРОПР ВДНХ;163152.00
133;services;yes;;"ООО ""НОВЫЙ ВКУС""";102;1;Организация питания участников Слёта;655010.00
134;services;yes;;"ООО ""ПРЕДРЕЙСОВЫЙ""";8;1;ПРОВЕДЕН. ПРЕДРЕЙСОВЫХ МЕД ОСМОТРОВ ВОДИТ. С 12 ПО 31.01;32903.00
135;services;yes;;"ООО ""ПРЕДРЕЙСОВЫЙ""";8;2;ПРОВЕДЕНИЕ ПРЕДРЕЙСОВЫХ МЕД ОСМОТРОВ ВОДИТ. ЗА ФЕВРАЛЬ;51000.00
136;services;yes;;"ООО ""ПРЕДРЕЙСОВЫЙ""";8;3;ПРОВЕДЕНИЕ ПРЕДРЕЙСОВЫХ МЕД ОСМОТРОВ ВОДИТ. ЗА МАРТ;51000.00
137;services;yes;;"ООО ""ПРЕДРЕЙСОВЫЙ""";8;4;Организация предрейсовых осмотров автранспорта;51000.00
138;services;yes;;"ООО ""ПРЕДРЕЙСОВЫЙ""";8;5;Организация предрейсовых осмотров автранспорта;51000.00
139;services;yes;;"ООО ""ПРЕДРЕЙСОВЫЙ""";8;6;Организация предрейсовых осмотров автранспорта;51000.00
140;services;yes;;"ООО ""ПРЕДРЕЙСОВЫЙ""";8;7;Организация предрейсовых осмотров автранспорта;51000.00
141;services;yes;;"ООО ""РЕМСТРОЙ""";2;1;Аренда помещения;300000.00
142;services;yes;;"ООО ""РЕМСТРОЙ""";2;2;Аренда помещения;200000.00
143;services;yes;;"ООО ""РЕМСТРОЙ""";2;3;Аренда помещения;300000.00
144;services;yes;;"ООО ""РЕМСТРОЙ""";2;4;Аренда помещения;300000.00
145;services;yes;;"ООО ""РЕМСТРОЙ""";2;5;Аренда помещения;300000.00
146;services;yes;;"ООО ""ТОРГОВЫЙ ДОМ ТЕКСТИЛЬ М""";81;3;КОСТЮМ ПОВСЕДН: БРЮКИ, КУРТКА;1167160.00
147;services;yes;;"ООО ""ТРАНЗИТ-М""";2;1;Перевозка в рамках слёта;201000.00
148;services;yes;;"ООО ""ТРАНЗИТ-М""";44;1;Перевозку оборудования на мероприятии посвящённую 1 июня;121380.00
149;services;yes;;"ООО ""ТЦПБ""";119;1;Приобретение огнетушителей;64590.00
150;services;yes;;"ООО ""ФЕНИКС""";23;1;ИЗГОТОВ ЖЕТОН, ФЛАГ, ФОТО, НАНЕС НА ФУТБОЛ;128900.00
151;services;yes;;"ООО ""ФЕНИКС""";116;1;Изготовление брендированной продукции;66938.60
152;services;yes;;"ООО ""ФЕНИКС""";117;1;Изготовление граммот;25400.00
153;services;yes;;"ООО ""ФОРМУЛА ИТ""";80;1;1С:КОМПЛ ПОДДЕРЖ. КП ПРОФ 12 МЕС;57000.00
154;services;yes;;"ООО ""ЮГ-ЛОГИСТИКА""";32;1;НВС-0465893 ОТ 31.03.26;12090.25
155;services;yes;;"ООО ""ЮГ-ЛОГИСТИКА""";32;2;НВС-0469739 ОТ 30.04.26;190993.24
156;services;yes;;"ООО ""ЮГ-ЛОГИСТИКА""";32;3;УСЛУГИ ДОСТАВКИ;23360.29
157;services;yes;;"ООО ""ЮГ-ЛОГИСТИКА""";32;4;УСЛУГИ ДОСТАВКИ ПО СЧ НВС- 0476101;8670.10
158;services;yes;;"ООО ""ЮГ-ЛОГИСТИКА""";32;5;УСЛУГИ ДОСТАВКИ НВС-0479461;11270.19
159;services;yes;;"ООО ""ЮГ-ЛОГИСТИКА""";32;6;УСЛУГИ ДОСТАВКИ НВС-0486709;48935.05
160;services;yes;;"ПАО ""РОСТЕЛЕКОМ""";1;1;Услуги связи;10330.59
161;services;yes;;"ПАО ""РОСТЕЛЕКОМ""";1;2;Услуги связи;1111.07
162;services;yes;;"ПАО ""РОСТЕЛЕКОМ""";1;4;Услуги связи;12030.54
163;services;yes;;"ПАО ""РОСТЕЛЕКОМ""";1;5;Услуги связи;11870.60
164;services;yes;;"ПАО ""РОСТЕЛЕКОМ""";1;6;Услуги связи;11870.60
165;services;yes;;"ПАО ""РОСТЕЛЕКОМ""";1;7;Услуги связи;11870.60
166;services;yes;;"ПАО ""РОСТЕЛЕКОМ""";1;8;Услуги связи;11870.60
167;services;yes;;"САО ""ВСК""";4;1;Страхование автотранспорта;12883.36
168;services;yes;;СОЛОДИЛОВА ЕКАТЕРИНА ГЕННАДЬЕВНА;30;1;УСЛУГИ ПО ПЕРСОНАЛИЗАЦИИ МАКЕТА;3500.00
169;services;yes;;СОЛОДИЛОВА ЕКАТЕРИНА ГЕННАДЬЕВНА;42;1;Крепёж медалей и букеты;12600.00
170;services;yes;;"СПАО ""ИНГОССТРАХ""";16;1;ПРЕМИЯ ПО ПОЛИСУ № ТТТ 7097154801;8484.01
171;services;yes;;"СПАО ""ИНГОССТРАХ""";72;1;ПРЕМИЯ ПО ПОЛИСУ № CL562653284;11254.44
172;services;yes;;"СПАО ""ИНГОССТРАХ""";85;1;Страхование автомобиля ОСАГО Mitsubishi delica d:5;9604.87
173;services;yes;;ЦЫГАНОВ ИГОРЬ АЛЕКСАНДРОВИЧ;1;3;Услуги связи;12030.54
174;services;yes;;ЦЫГАНОВ ИГОРЬ АЛЕКСАНДРОВИЧ;33;1;Металлический держатель, цвет <Серебро>,;17360.00
175;services;yes;;ЦЫГАНОВ ИГОРЬ АЛЕКСАНДРОВИЧ;33;1;Персонализация макета (вписать ФИО человека, изменить данные и тд.);14700.00
176;services;yes;;ЦЫГАНОВ ИГОРЬ АЛЕКСАНДРОВИЧ;34;1;Оплата Битрикс;1755.00
177;services;yes;;ЦЫГАНОВ ИГОРЬ АЛЕКСАНДРОВИЧ;35;1;Изготовление плана эвакуации;3750.00
178;services;yes;;ЦЫГАНОВ ИГОРЬ АЛЕКСАНДРОВИЧ;98;4;Авансовые;30000.00
179;services;yes;;ЦЫГАНОВ ИГОРЬ АЛЕКСАНДРОВИЧ;107;1;Приобретение материалов для организации слёта;63000.00
180;services;yes;;ШМЕЛЕВ ДМИТРИЙ ВЛАДИМИРОВИЧ;26;1;ВИДЕОСЪЕМКА МЕРОПРИЯТИЯ;123000.00
181;services;yes;;ШМЕЛЕВ ДМИТРИЙ ВЛАДИМИРОВИЧ;41;1;Оказание услуг по видеомонтажу и съёмке ролики с мероприятия в День памяти и скуорби, приуроченного ко дню начала ВОВ;20000.00
182;services;yes;;ШМЕЛЕВ ДМИТРИЙ ВЛАДИМИРОВИЧ;106;1;Услуги фото-видео съёмки;100000.00
183;services;monthly_future;;ЕГОРОВА ЛЮДМИЛА ВЛАДИМИРОВНА;98;2;КОМПЛЕКСНАЯ УБОРКА ПОМЕЩ;27000.00
184;services;monthly_future;;ЕГОРОВА ЛЮДМИЛА ВЛАДИМИРОВНА;98;3;КОМПЛЕКСНАЯ УБОРКА ПОМЕЩ;27000.00
185;services;monthly_future;;ЕГОРОВА ЛЮДМИЛА ВЛАДИМИРОВНА;98;4;КОМПЛЕКСНАЯ УБОРКА ПОМЕЩ;27000.00
186;services;monthly_future;;"ООО ""ПРЕДРЕЙСОВЫЙ""";8;8;Организация предрейсовых осмотров автранспорта;51000.00
187;services;monthly_future;;"ООО ""ПРЕДРЕЙСОВЫЙ""";8;9;Организация предрейсовых осмотров автранспорта;51000.00
188;services;monthly_future;;"ООО ""ПРЕДРЕЙСОВЫЙ""";8;10;Организация предрейсовых осмотров автранспорта;51000.00
189;services;monthly_future;;"ООО ""ПРЕДРЕЙСОВЫЙ""";8;11;Организация предрейсовых осмотров автранспорта;51000.00
190;services;monthly_future;;"ООО ""ПРЕДРЕЙСОВЫЙ""";8;12;Организация предрейсовых осмотров автранспорта;41129.00
191;services;monthly_future;;"ПАО ""РОСТЕЛЕКОМ""";1;9;Услуги связи;11870.60
192;services;monthly_future;;"ПАО ""РОСТЕЛЕКОМ""";1;10;Услуги связи;11870.60
193;services;monthly_future;;"ПАО ""РОСТЕЛЕКОМ""";1;11;Услуги связи;11870.60
194;services;monthly_future;;"ПАО ""РОСТЕЛЕКОМ""";1;12;Услуги связи;11870.60
195;services;reserve;;;62;1;Прочие мат.затраты;200000.00
196;services;reserve;;;63;1;Прочие мат.затраты;150000.00
197;services;reserve;;;68;1;Прочие мат.затраты;100000.00
198;services;reserve;;;69;1;Прочие мат.затраты;100000.00
199;services;likely;Запланировано на основании ежемесячных потребностей;;21;131;Приобретение билетов и бронирование гостиниц;50000.00
200;services;likely;Запланировано на основании ежемесячных потребностей;;21;133;Приобретение билетов и бронирование гостиниц;50000.00
201;services;likely;Запланировано на основании ежемесячных потребностей;;21;135;Приобретение билетов и бронирование гостиниц;50000.00
202;services;likely;Запланировано на основании ежемесячных потребностей;;21;132;Приобретение билетов и бронирование гостиниц;50000.00
203;services;likely;Запланировано на основании ежемесячных потребностей;;21;134;Приобретение билетов и бронирование гостиниц;50000.00
204;services;likely;Запланировано на основании ежемесячных потребностей;;21;136;Приобретение билетов и бронирование гостиниц;50000.00
205;services;likely;Запланировано на основании заявок;;109;1;Поставка оргтехинки;220000.00
206;services;likely;Запланировано на основании заявок;;110;1;Приобретение программного обеспечения;330000.00
207;services;likely;Запланировано на основании заявок;;111;1;Прочее оборудования для автомобиля;235000.00
208;services;likely;Запланировано на основании заявок;;112;1;Страхование автотранспорта;80000.00
209;services;likely;Запланировано на основании заявок;;113;4;Страхование автотранспорта;70000.00
210;services;likely;Запланировано на основании заявок;;114;4;Приобетение кабеля;15000.00
211;services;likely;Запланировано на основании заявок;;114;4;Страхование автотранспорта;152000.00
212;services;likely;Запланировано на основании заявок;;121;231;Плановые ТО автомобиля;230000.00
213;services;likely;Запланировано на основании заявок;;122;236;Установка экспидиционного багажника;106000.00
